{
    "display": {
        "firstperson_righthand": {
            "rotation": [
                0,
                -90,
                25
            ],
            "scale": [
                0.68000000000000005,
                0.68000000000000005,
                0.68000000000000005
            ],
            "translation": [
                1.1299999999999999,
                3.2000000000000002,
                1.1299999999999999
            ]
        },
        "fixed": {
            "rotation": [
                0,
                180,
                0
            ],
            "scale": [
                1,
                1,
                1
            ]
        },
        "ground": {
            "rotation": [
                0,
                0,
                0
            ],
            "scale": [
                0.5,
                0.5,
                0.5
            ],
            "translation": [
                0,
                2,
                0
            ]
        },
        "head": {
            "rotation": [
                0,
                180,
                0
            ],
            "scale": [
                1,
                1,
                1
            ],
            "translation": [
                0,
                13,
                7
            ]
        },
        "thirdperson_righthand": {
            "rotation": [
                0,
                0,
                0
            ],
            "scale": [
                0.55000000000000004,
                0.55000000000000004,
                0.55000000000000004
            ],
            "translation": [
                0,
                3,
                1
            ]
        }
    },
    "gui_light": "front",
    "parent": "builtin/generated",
    "textures": {
        "particle": "item/achoo"
    }
}