{
    "display": {
        "firstperson_lefthand": {
            "rotation": [
                0,
                -90,
                -25
            ],
            "scale": [
                0.68000000000000005,
                0.68000000000000005,
                0.68000000000000005
            ],
            "translation": [
                0,
                1.6000000000000001,
                0.80000000000000004
            ]
        },
        "firstperson_righthand": {
            "rotation": [
                0,
                90,
                25
            ],
            "scale": [
                0.68000000000000005,
                0.68000000000000005,
                0.68000000000000005
            ],
            "translation": [
                0,
                1.6000000000000001,
                0.80000000000000004
            ]
        },
        "thirdperson_lefthand": {
            "rotation": [
                0,
                -90,
                -55
            ],
            "scale": [
                0.84999999999999998,
                0.84999999999999998,
                0.84999999999999998
            ],
            "translation": [
                0,
                4.0,
                2.5
            ]
        },
        "thirdperson_righthand": {
            "rotation": [
                0,
                90,
                55
            ],
            "scale": [
                0.84999999999999998,
                0.84999999999999998,
                0.84999999999999998
            ],
            "translation": [
                0,
                4.0,
                2.5
            ]
        }
    },
    "parent": "item/handheld",
    "textures": {
        "particle": "item/achoo"
    }
}