{
    "display": {
        "firstperson_lefthand": {
            "rotation": [
                0,
                90,
                -25
            ],
            "scale": [
                0.68000000000000005,
                0.68000000000000005,
                0.68000000000000005
            ],
            "translation": [
                1.1299999999999999,
                3.2000000000000002,
                1.1299999999999999
            ]
        },
        "firstperson_righthand": {
            "rotation": [
                0,
                -90,
                25
            ],
            "scale": [
                0.68000000000000005,
                0.68000000000000005,
                0.68000000000000005
            ],
            "translation": [
                1.1299999999999999,
                3.2000000000000002,
                1.1299999999999999
            ]
        },
        "thirdperson_lefthand": {
            "rotation": [
                0,
                90,
                -55
            ],
            "scale": [
                0.84999999999999998,
                0.84999999999999998,
                0.84999999999999998
            ],
            "translation": [
                0,
                4.0,
                0.5
            ]
        },
        "thirdperson_righthand": {
            "rotation": [
                0,
                -90,
                55
            ],
            "scale": [
                0.84999999999999998,
                0.84999999999999998,
                0.84999999999999998
            ],
            "translation": [
                0,
                4.0,
                0.5
            ]
        }
    },
    "parent": "item/generated",
    "textures": {
        "particle": "item/achoo"
    }
}